Horizon,Location,Optimal Depth,Profit (B USD)
5 yrs (2030),A,0 km,-123.23863363939655
5 yrs (2030),B,0 km,-99.80806099097246
5 yrs (2030),C,0 km,-105.09254585671448
10 yrs (2035),A,0 km,-123.14889990818367
10 yrs (2035),B,0 km,-99.69796726593583
10 yrs (2035),C,0 km,-111.86607189569024
15 yrs (2040),A,0 km,-123.06684690683603
15 yrs (2040),B,0 km,-99.60673882294998
15 yrs (2040),C,0 km,-111.81172156645995
